{"5": 0.052760201981112774, "15": 0.12142390692274693, "25": 0.2695493834194178, "35": 0.25675495167293, "45": 0.21186810378927318, "55": 0.14233750761449113, "65": 0.0975055070568812, "75": 0.08799254624126485, "85": 0.0894913326975498, "95": 0.06083022168649057}
